{
  "version": "2020.2",
  "applications": [],
  "platforms": [
    {
      "name": "hardware"
    }
  ],
  "systems": [
    {
      "name": "mini_zed_system",
      "platform": "C:/hdl_projects/minized_ir/wksp/hardware/export/hardware/hardware.xpfm",
      "sysConfig": "hardware",
      "buildConfig": "Debug",
      "applications": [
        {
          "name": "mini_zed",
          "platform": "C:/hdl_projects/minized_ir/wksp/hardware/export/hardware/hardware.xpfm",
          "platformPath": "C:\\hdl_projects\\minized_ir\\wksp\\hardware\\export\\hardware",
          "sysConfig": "hardware",
          "domain": "standalone_domain",
          "system": "mini_zed_system"
        }
      ],
      "platformPath": "C:\\hdl_projects\\minized_ir\\wksp\\hardware\\export\\hardware"
    }
  ],
  "others": []
}